date,open,high,low,close,Volume LINK,Volume USDT,tradecount
11/30/2020 0:00,13.3855,14.437,13.3855,14.2677,10302701.22,144279297.5,225033
11/29/2020 0:00,13.0848,13.4765,12.8408,13.38,6551088.54,86105236.96,130452
11/28/2020 0:00,12.5038,13.43,12.3489,13.0853,7286264.48,94277169.78,147521
11/27/2020 0:00,12.6036,12.953,11.9454,12.4989,9129104.44,113207146.2,231521
11/26/2020 0:00,14.218,14.4743,11.2939,12.603,24596535.81,307279277.3,524048
11/25/2020 0:00,15.6637,15.86,13.79,14.2016,9521564.1,143152160.4,227277
11/24/2020 0:00,15.2648,16.39,14.943,15.6703,15636471.17,244854910,354432
11/23/2020 0:00,14.5098,15.425,14.252,15.2746,12472333.45,185908896.4,255890
11/22/2020 0:00,15.4408,15.7179,13.8402,14.5098,14244002.32,209484344.1,294258
11/21/2020 0:00,14.0913,15.5,13.6876,15.4511,14003272.57,205026976.6,313376
11/20/2020 0:00,13.6117,14.477,13.4618,14.0933,11203096.77,157339512.8,242602
11/19/2020 0:00,13.5602,14,13.0111,13.6187,9805683.27,132702779.6,215465
11/18/2020 0:00,13.3943,14.2669,12.585,13.5598,18517527.67,250471400.7,461464
11/17/2020 0:00,12.6204,13.4228,12.5414,13.3944,11150763.55,144053287.4,258659
11/16/2020 0:00,12.1199,12.8132,11.9971,12.6223,5982803.38,74513586.47,133067
11/15/2020 0:00,12.557,12.6484,11.8156,12.1192,5716347.24,70272602.84,126501
11/14/2020 0:00,12.8679,12.9335,12.3,12.5574,5010394.11,62985384.75,125436
11/13/2020 0:00,12.4038,13,12.3079,12.8687,7892649.62,100542935.4,182820
11/12/2020 0:00,12.753,13.0956,12.27,12.4038,8920340.53,112513611,200405
11/11/2020 0:00,13.0017,13.4293,12.75,12.753,9416548.92,123406439.4,221834
11/10/2020 0:00,12.5182,13.278,12.3156,13.0017,12355950.65,159010073.8,279337
11/9/2020 0:00,12.7083,13.0026,12.04,12.5107,12660359.23,158185417.5,308772
11/8/2020 0:00,11.7668,13.1,11.477,12.71,12949524.47,160307018.6,286739
11/7/2020 0:00,12.1686,13.5956,11.3123,11.7638,24928180.96,313997464.2,607177
11/6/2020 0:00,10.9822,12.2813,10.9286,12.1687,10971288.73,127324266.4,284317
11/5/2020 0:00,10.473,11.2749,10.0764,10.9794,10634722.28,113944704.2,218722
11/4/2020 0:00,10.3982,10.675,9.75,10.4713,8587173.03,87960780.14,165320
11/3/2020 0:00,10.7814,10.7814,9.9454,10.3911,9964299.86,103361987.8,214826
11/2/2020 0:00,11.5681,11.685,10.7049,10.7814,6924910.69,77195587.41,142389
11/1/2020 0:00,11.2259,11.5885,11.0181,11.5722,3872679.99,43600203.22,78092
10/31/2020 0:00,11.0947,11.3981,10.9053,11.2277,4971547.22,55628362.48,90903
10/30/2020 0:00,11.2743,11.4811,10.72,11.09,7960249.95,87953508.45,132809
10/29/2020 0:00,11.4448,11.81,11.0816,11.2772,8541785.18,97764888.03,131340
10/28/2020 0:00,11.921,12.16,11.15,11.4403,8020300.25,92907204.4,147249
10/27/2020 0:00,11.7086,12.4774,11.49,11.9224,7621232.43,91572821.52,135528
10/26/2020 0:00,12.148,12.4472,11.2594,11.7096,8858167.82,105064062.2,154501
10/25/2020 0:00,12.7002,12.8574,11.908,12.1481,7000941.96,86556404.59,117555
10/24/2020 0:00,12.1592,12.95,11.9839,12.7001,7538193.48,94696449.51,144641
10/23/2020 0:00,11.9551,12.264,11.5784,12.1586,8789968.21,105284717.8,162789
10/22/2020 0:00,10.7805,12.4173,10.7142,11.9539,10308176.43,120347363.5,194706
10/21/2020 0:00,9.8589,11.1372,9.7864,10.7863,8276637.42,87959927.25,155615
10/20/2020 0:00,10.9116,10.9349,9.7665,9.8589,7095706.59,73348543.72,130656
10/19/2020 0:00,10.9435,11.2226,10.651,10.9147,4474849.31,48718810.83,79808
10/18/2020 0:00,10.6254,11,10.6,10.9409,3679623.94,39786628.52,52844
10/17/2020 0:00,10.5867,10.7149,10.4082,10.6267,3322174.05,35094088.73,52155
10/16/2020 0:00,10.7472,10.8935,10.2694,10.5877,6662666.86,70509800.97,93266
10/15/2020 0:00,10.8896,10.9317,10.455,10.7483,6983355.76,74710678.91,96857
10/14/2020 0:00,11.0016,11.3536,10.6201,10.8896,7758446.61,85355115.39,131330
10/13/2020 0:00,11.4259,11.5833,10.5221,11.0016,9695225.65,108341426.9,156562
10/12/2020 0:00,10.8515,11.8028,10.6807,11.4259,11882241.47,133822859,195369
10/11/2020 0:00,10.5168,11.0258,10.15,10.8515,8174876.86,86822525.35,138841
10/10/2020 0:00,10.3923,10.92,10.37,10.5198,9504046.97,100981242.7,152430
10/9/2020 0:00,9.5519,10.5254,9.3701,10.3959,11276147.45,112848361.6,180881
10/8/2020 0:00,8.9801,9.6909,8.4016,9.5594,10913109.33,98953033.69,164405
10/7/2020 0:00,8.769,9.01,8.3817,8.9799,7543306.98,66050966.58,119071
10/6/2020 0:00,9.6134,9.658,8.563,8.7689,7424722.62,67725437.73,128804
10/5/2020 0:00,9.3906,9.72,9.2629,9.6176,6217366.67,59002318.7,93838
10/4/2020 0:00,9.2686,9.466,9.1141,9.3922,4665626.69,43259192.53,69820
10/3/2020 0:00,9.2132,9.5555,9.104,9.269,4805191.52,44596863.21,77557
10/2/2020 0:00,9.6394,9.8449,8.7975,9.2167,11180624.68,102858124.3,162208
10/1/2020 0:00,9.8727,10.4119,9.2457,9.6394,9704023.92,95847497.43,151457
9/30/2020 0:00,10.1356,10.2314,9.5768,9.8694,6665669.78,65702358.51,111050
9/29/2020 0:00,10.2809,10.3882,9.4502,10.135,13378180.79,133367813.4,186336
9/28/2020 0:00,10.8,11.07,10.15,10.283,8731492.42,92852705.72,152891
9/27/2020 0:00,10.3079,10.991,9.9122,10.7939,10053108.71,105032767,165743
9/26/2020 0:00,10.7218,11.1,9.9757,10.3169,12020281.92,125904478,206809
9/25/2020 0:00,9.8701,11.199,9.3771,10.7279,20220142.07,206454816.9,329310
9/24/2020 0:00,7.6404,10.53,7.4761,9.87,26948146.31,244576010,377228
9/23/2020 0:00,8.744,8.8016,7.2869,7.6364,18221835.52,146302053.3,247793
9/22/2020 0:00,8.7162,9.08,8.54,8.7401,8384112.37,74013112.8,126208
9/21/2020 0:00,9.7394,9.9235,8.5012,8.7114,15761415.85,141463825.6,242000
9/20/2020 0:00,10.1192,10.6199,9.5,9.7357,7500145.61,75754454.12,140177
9/19/2020 0:00,10.0938,10.4969,9.8756,10.1209,5596803.08,57003865.43,101321
9/18/2020 0:00,11.0139,11.1315,9.7863,10.094,8890206.07,93387663.39,161741
9/17/2020 0:00,10.7367,11.6759,10.472,11.0139,10163046.46,111006019.3,194007
9/16/2020 0:00,10.9301,11.3002,10.4771,10.7367,10362445.08,112764173.3,174348
9/15/2020 0:00,12.13,12.24,10.75,10.9314,11413633.63,132790893.2,192751
9/14/2020 0:00,12.0757,12.3863,11.6349,12.1374,8830940.16,106057143.1,139868
9/13/2020 0:00,12.7194,13.23,11.7658,12.067,11107099.48,138433490.8,207648
9/12/2020 0:00,12.4406,12.747,12.0934,12.7187,6270783.45,77894547.32,101789
9/11/2020 0:00,12.4948,12.696,12.019,12.4406,7498865.16,92935019.61,118187
9/10/2020 0:00,12.3452,13.28,12.18,12.4957,15073295.03,192824150.2,209596
9/9/2020 0:00,11.7359,12.6566,11.4356,12.3444,10649791.43,129646130.9,164334
9/8/2020 0:00,12.4744,12.7362,11.0284,11.746,14832129.81,176444798,247396
9/7/2020 0:00,12.806,13.1747,11.17,12.47,21235045.25,258808749.5,354557
9/6/2020 0:00,10.6087,13.24,9.7155,12.8044,21900428.59,255921102.7,361819
9/5/2020 0:00,12.3804,12.7655,9.1,10.6017,25530147.88,278579076.1,402165
9/4/2020 0:00,11.8802,12.904,11,12.3708,18649479.71,226424705.2,313472
9/3/2020 0:00,14.7922,14.9989,10.8261,11.8895,17461923.93,234194680.2,354563
9/2/2020 0:00,16.0284,16.3587,14,14.7982,10432171.58,156728589.1,223188
9/1/2020 0:00,15.5746,16.5053,15.0629,16.0333,9246701.59,147310626.2,223463
8/31/2020 0:00,16.4782,16.9495,15.4451,15.5772,9615963.27,157331308.6,199347
8/30/2020 0:00,16.3612,17.7777,16.3547,16.4788,12067693.46,206099731.4,251190
8/29/2020 0:00,15.1136,17.0305,14.9565,16.3612,12476977.78,201913227.7,276318
8/28/2020 0:00,14.5234,15.4989,14.236,15.1207,7263858.01,108574634.6,147324
8/27/2020 0:00,15.2088,15.5215,13.9679,14.5234,11695421.1,173417861.6,231293
8/26/2020 0:00,14.1171,15.6664,14.0537,15.2,11417184.57,169354713.6,233542
8/25/2020 0:00,15.1363,15.3743,13.4578,14.1164,12813252,185468410.6,279268
8/24/2020 0:00,15.1572,15.8797,14.7,15.1419,8460822,129276315.5,182305
8/23/2020 0:00,15.8085,16.0042,14.6536,15.1428,10766009.01,163472424.1,224569
8/22/2020 0:00,13.8342,16.33,13.66,15.8078,16713843.17,252846542.4,357646
8/21/2020 0:00,16.0476,16.1421,12.89,13.8325,26181371.6,376950369.9,511098
8/20/2020 0:00,16.1884,16.7862,15.7232,16.0483,11077161.69,180390522.5,239767
8/19/2020 0:00,16.1846,17.2554,14.8653,16.1863,18401947.05,297904852.9,390119
8/18/2020 0:00,16.8064,17.6738,14.69,16.1927,27088057.76,445332598.9,529192
8/17/2020 0:00,18.8096,19.7111,15.5,16.8196,13542369.79,248379200.5,308059
8/16/2020 0:00,19.2108,20.1111,18.5144,18.8061,10757844.39,206509430.9,261112
8/15/2020 0:00,16.9447,19.8303,16.5554,19.2285,17941112.01,330894146.8,379015
8/14/2020 0:00,17.1728,17.5998,16.3,16.9574,11352121.05,192093622.4,249344
8/13/2020 0:00,16.4634,18.3488,15.9175,17.1883,30941693.96,527277033.8,681520
8/12/2020 0:00,12.9999,16.8,12.5936,16.4635,23116748.13,342158761.5,441379
8/11/2020 0:00,13.4722,13.5403,12.0905,12.9971,17514622.42,225363799.6,271457
8/10/2020 0:00,13.8105,14.0551,12.52,13.4722,17912553.32,240435838.2,318664
8/9/2020 0:00,12.7095,14.4586,12,13.8104,28455039.72,380027221.1,508654
8/8/2020 0:00,10.1286,13.8799,9.9287,12.7093,28681387.91,344524050.3,499590
8/7/2020 0:00,10.2284,10.2615,9.05,10.1286,11737996.62,115615702.8,166548
8/6/2020 0:00,9.5265,10.2917,9.4515,10.2343,9041552.6,88144051.28,128098
8/5/2020 0:00,9.8686,9.8686,9.3207,9.5253,9682088.77,92516426.18,132712
8/4/2020 0:00,9.2502,9.9645,9.0807,9.8687,18485930.37,175441511.3,255932
8/3/2020 0:00,8.2851,9.2707,8.1408,9.2502,12814524.98,110153067.3,163245
8/2/2020 0:00,8.3216,8.7972,6.87,8.2814,22647614.34,187308467.7,321072
8/1/2020 0:00,7.8025,8.472,7.6373,8.3248,9345076.4,74293026.61,128620
7/31/2020 0:00,7.4093,7.8649,7.4085,7.8033,7419454.26,57010133.85,109121
7/30/2020 0:00,7.0876,7.5757,7.0253,7.4093,7673434.47,56187278.52,102382
7/29/2020 0:00,7.2332,7.4871,6.9867,7.0876,7058913.79,50881041.66,94912
7/28/2020 0:00,7.099,7.4243,6.9106,7.2333,8500726.83,60812597.21,119738
7/27/2020 0:00,7.5009,7.5045,6.5101,7.1,16681214.34,117115066.8,244904
7/26/2020 0:00,7.6737,7.945,7.1885,7.5022,10637660.32,80431491.35,134584
7/25/2020 0:00,7.4284,7.8009,7.3744,7.672,7507174.9,57301182.63,98606
7/24/2020 0:00,7.8982,7.9304,7.384,7.4284,7314721.87,55872769.5,93338
7/23/2020 0:00,7.469,8.099,7.4029,7.8983,10917062.94,85602332.79,140762
7/22/2020 0:00,7.3086,7.6365,7.0832,7.4689,9599551.14,70889640.58,131542
7/21/2020 0:00,7.2301,7.6788,6.9232,7.3101,10937153.27,80041038.79,166218
7/20/2020 0:00,8.0848,8.1388,7.121,7.2301,11043721.17,84263150.67,144838
7/19/2020 0:00,7.9731,8.21,7.7782,8.0784,6896213.31,54936816.03,92799
7/18/2020 0:00,8.2589,8.2648,7.657,7.9734,11416632.85,90986110.88,146101
7/17/2020 0:00,8.3545,8.6444,8.2,8.2605,8727930.83,73132110.99,105988
7/16/2020 0:00,8.6486,8.8822,7.9427,8.354,20705851.79,173628620,257501
7/15/2020 0:00,8.1315,8.908,7.8309,8.6494,20518883.22,172454028,259104
7/14/2020 0:00,7.1616,8.3446,6.965,8.1321,25153380.41,192793205.4,290484
7/13/2020 0:00,7.3447,8.48,6.8525,7.163,30737550.96,235671215.5,355795
7/12/2020 0:00,6.1043,7.3898,6.0975,7.3345,18949318.62,128119147.5,220203
7/11/2020 0:00,6.15,6.27,5.961,6.0994,5442718.22,33306983.43,67008
7/10/2020 0:00,6.082,6.2009,5.7096,6.1488,9946933.5,59206657,113510
7/9/2020 0:00,6.5001,6.5006,5.7029,6.082,12955549.78,78926963.65,147411
7/8/2020 0:00,5.7245,6.5782,5.592,6.4987,16816910.79,103639173.9,184934
7/7/2020 0:00,5.3613,5.889,5.33,5.7248,13786031.79,77507285.65,161289
7/6/2020 0:00,4.7426,5.5,4.7362,5.3617,12032948.97,61715137.64,126401
7/5/2020 0:00,4.8198,4.8325,4.6118,4.7439,3650974.38,17222148.35,42317
7/4/2020 0:00,4.73,4.8539,4.7186,4.82,2884275.22,13800358.49,33250
7/3/2020 0:00,4.7998,4.8964,4.7031,4.7309,4622377.34,22310627.43,51759
7/2/2020 0:00,4.7068,4.9181,4.6025,4.7996,7638387.35,36415952.51,84115
7/1/2020 0:00,4.5625,4.73,4.5217,4.7067,4096719.3,18974243.78,43855
6/30/2020 0:00,4.6192,4.6622,4.5337,4.5626,3008041.61,13846694.62,33040
6/29/2020 0:00,4.5658,4.65,4.4232,4.6187,4789663.32,21719855.12,50633
6/28/2020 0:00,4.4051,4.62,4.3647,4.5668,4751931.74,21438525.93,51273
6/27/2020 0:00,4.683,4.6957,4.3,4.4058,6165533.05,27809003.54,66703
6/26/2020 0:00,4.8129,4.8587,4.6424,4.6813,5532469.51,26122757.01,59762
6/25/2020 0:00,4.7075,4.8407,4.5033,4.8134,7030842.15,33201638.53,75807
6/24/2020 0:00,4.8061,4.9411,4.4986,4.7075,10253258.21,48438749.92,102982
6/23/2020 0:00,4.484,4.9422,4.4254,4.8051,10884418.78,51490875.41,121576
6/22/2020 0:00,4.1819,4.4859,4.176,4.4841,4659609.05,20337993.41,51031
6/21/2020 0:00,4.1762,4.2058,4.1395,4.1812,1336859.5,5582676.143,15192
6/20/2020 0:00,4.0978,4.2072,4.0654,4.1765,2414698.62,10014907.93,27359
6/19/2020 0:00,4.1417,4.1839,4.0521,4.098,2424386.7,9970938.73,29018
6/18/2020 0:00,4.1663,4.2491,4.0957,4.1415,3348384.08,13969700.01,40758
6/17/2020 0:00,4.0502,4.2,3.957,4.1659,4301280.98,17558113.83,46311
6/16/2020 0:00,3.9254,4.0918,3.8935,4.0502,3623759.71,14554530.18,41132
6/15/2020 0:00,3.9395,3.9889,3.6551,3.9274,6850306.11,26068942.98,68878
6/14/2020 0:00,4.11,4.1134,3.9143,3.9371,1710213.36,6841578.032,19779
6/13/2020 0:00,4.0807,4.1346,4.0054,4.11,1604660.74,6524511.678,17678
6/12/2020 0:00,3.953,4.1874,3.8573,4.0819,4837530.74,19678935.31,44371
6/11/2020 0:00,4.4207,4.4503,3.91,3.9565,6610463.34,27281682.64,62141
6/10/2020 0:00,4.4374,4.4404,4.3426,4.4225,2236477.86,9805902.95,23108
6/9/2020 0:00,4.4753,4.5062,4.3605,4.435,2296314.26,10188354.44,24710
6/8/2020 0:00,4.3487,4.4759,4.325,4.473,2037163.21,8929343.506,22349
6/7/2020 0:00,4.3513,4.41,4.2068,4.3465,2146650.66,9251257.559,22360
6/6/2020 0:00,4.3569,4.3979,4.3034,4.3512,1377160.26,5990660.12,15353
6/5/2020 0:00,4.4263,4.486,4.3405,4.358,2316069.89,10222018.44,24367
6/4/2020 0:00,4.4881,4.5081,4.2864,4.4243,3231902.99,14276426.13,34397
6/3/2020 0:00,4.3987,4.53,4.2898,4.4892,4215824.76,18674008.89,41180
6/2/2020 0:00,4.3795,4.6185,4.1075,4.3976,8182461.05,36032762.07,80291
6/1/2020 0:00,4.1278,4.48,4.1175,4.3785,8703425.47,38003418.53,85283
5/31/2020 0:00,4.178,4.2838,4.041,4.131,6223457.99,25986422.58,63618
5/30/2020 0:00,3.982,4.18,3.943,4.1763,4734058.34,19356855.9,42157
5/29/2020 0:00,4.0462,4.13,3.9488,3.98,5243291.12,21163186.51,41832
5/28/2020 0:00,3.8542,4.0601,3.827,4.0461,4242354.59,16636880.49,35373
5/27/2020 0:00,3.8436,3.9143,3.8065,3.8526,3795380.76,14676078.52,31312
5/26/2020 0:00,3.8634,3.8816,3.7689,3.844,3774200.83,14457491.49,28556
5/25/2020 0:00,3.7878,3.9073,3.77,3.8614,4443996.51,17123412.8,36191
5/24/2020 0:00,3.9242,4.0262,3.7844,3.7917,6236647.02,24381695.04,53852
5/23/2020 0:00,4.062,4.1072,3.91,3.925,5867357.07,23409323.21,52615
5/22/2020 0:00,3.8307,4.1447,3.7932,4.0611,7194944.89,28640710.82,69756
5/21/2020 0:00,4.088,4.174,3.7292,3.8298,10446021.86,41318047.35,93517
5/20/2020 0:00,3.9466,4.1388,3.8955,4.0866,9821300.61,39739891.92,84202
5/19/2020 0:00,3.8895,3.9488,3.7734,3.947,3771880.28,14566206.96,37380
5/18/2020 0:00,3.7815,3.95,3.7786,3.8895,5744922.71,22325924.8,52664
5/17/2020 0:00,3.7621,3.8524,3.7526,3.7815,3636901.86,13836374.9,33171
5/16/2020 0:00,3.6626,3.79,3.6168,3.7614,4045380.2,15074632.83,36882
5/15/2020 0:00,3.8093,3.8337,3.6144,3.6615,5572562.89,20834597.14,45727
5/14/2020 0:00,3.7654,3.8583,3.6947,3.8096,7333655.81,27791822.37,61011
5/13/2020 0:00,3.6938,3.815,3.6366,3.7655,5989489.14,22305758.76,55594
5/12/2020 0:00,3.5838,3.7932,3.54,3.6943,7797486.43,28881156.07,70200
5/11/2020 0:00,3.7574,3.832,3.2865,3.5837,13273873.62,47852980.09,118136
5/10/2020 0:00,4.0149,4.0197,3.4602,3.7582,19818388.73,73819362.16,173713
5/9/2020 0:00,3.8001,4.2129,3.7601,4.015,15240721.63,61673011.99,131110
5/8/2020 0:00,3.758,3.859,3.6874,3.801,7383724.48,27986549.85,67174
5/7/2020 0:00,3.5874,3.85,3.5633,3.756,8481271.59,31361055.94,79271
5/6/2020 0:00,3.682,3.7654,3.57,3.5872,5299802.59,19570134.05,56978
5/5/2020 0:00,3.7496,3.814,3.654,3.6833,4730504.58,17621530.54,48535
5/4/2020 0:00,3.7098,3.8272,3.5033,3.7499,10973722.27,40395738.45,96089
5/3/2020 0:00,3.8186,3.86,3.6379,3.7092,5570724.79,20891814.88,59845
5/2/2020 0:00,3.7571,3.86,3.73,3.8182,4467234.01,16996494.73,49608
5/1/2020 0:00,3.7014,3.9162,3.7003,3.7571,8084328.36,30928293.22,82174
4/30/2020 0:00,3.8881,3.9741,3.62,3.7025,13545136.02,51376800.29,125873
4/29/2020 0:00,3.6422,3.9918,3.63,3.8879,15125283.54,57370181.29,128111
4/28/2020 0:00,3.6373,3.7354,3.5554,3.6413,7379317.23,26928714.47,74397
4/27/2020 0:00,3.7212,3.7385,3.4621,3.6383,11371929.86,40891564.5,102173
4/26/2020 0:00,3.7865,3.816,3.6432,3.721,8246658.13,30808734.63,92780
4/25/2020 0:00,3.7735,3.9062,3.742,3.7865,6095069.38,23261065.04,56743
4/24/2020 0:00,3.7551,3.8874,3.7364,3.7735,7951365.77,30361499.52,70435
4/23/2020 0:00,3.6787,3.9101,3.5968,3.7533,14233201.39,53390059.85,110628
4/22/2020 0:00,3.4593,3.6904,3.4327,3.6786,11953381.82,43010614.01,86043
4/21/2020 0:00,3.4317,3.5719,3.3903,3.4577,13887634.41,48394710.66,100561
4/20/2020 0:00,3.5885,3.792,3.372,3.4322,20566086.81,73867372.34,156154
4/19/2020 0:00,3.7814,3.8102,3.5131,3.5902,16350496.02,59872603.96,129655
4/18/2020 0:00,3.4525,3.83,3.447,3.7805,16406819.22,59767496.01,118334
4/17/2020 0:00,3.4831,3.525,3.3778,3.4523,12689070.26,43843772.89,101024
4/16/2020 0:00,3.1212,3.5555,2.9761,3.4851,24817961.65,81880780.98,182231
4/15/2020 0:00,3.2517,3.3061,3.1085,3.1212,15635873.11,50161624.54,123549
4/14/2020 0:00,3.3719,3.4437,3.21,3.252,17078827.01,57101788.38,130826
4/13/2020 0:00,3.4117,3.4602,3.2,3.3702,29488744.48,99093977.11,203060
4/12/2020 0:00,3.2912,3.6412,3.167,3.4189,32589266.79,111420530,222509
4/11/2020 0:00,3.2207,3.4364,3.0629,3.29,30487430.82,99484494.05,208550
4/10/2020 0:00,3.3099,3.3199,2.945,3.22,43621490.6,136026639.5,294071
4/9/2020 0:00,3.1695,3.4741,3.1224,3.3099,37011877.66,122792285.9,252703
4/8/2020 0:00,2.7295,3.2748,2.7124,3.1693,27092993.24,80619866.26,180246
4/7/2020 0:00,2.5556,2.908,2.555,2.7303,30449781.01,83403369.19,182672
4/6/2020 0:00,2.2638,2.5677,2.2621,2.5555,12222925.81,29594871.54,72932
4/5/2020 0:00,2.3155,2.3219,2.2437,2.2635,3228659.23,7361336.519,24768
4/4/2020 0:00,2.2995,2.3423,2.2545,2.3155,6143193.28,14060279.53,43025
4/3/2020 0:00,2.294,2.3837,2.2652,2.3013,8452189.45,19628894.28,58884
4/2/2020 0:00,2.2764,2.485,2.2566,2.2941,13266669.39,30798141.03,84305
4/1/2020 0:00,2.2657,2.2999,2.14,2.2753,13433598.33,29903847.76,81383
3/31/2020 0:00,2.1348,2.302,2.1102,2.2658,8612405.93,18900217.73,52732
3/30/2020 0:00,2.0083,2.2,2.0006,2.135,8453846.9,17962419.16,50466
3/29/2020 0:00,2.1356,2.152,2.007,2.0083,6879303.84,14309647.63,43316
3/28/2020 0:00,2.1372,2.1544,2.0372,2.1364,11038170.15,23165235.57,71702
3/27/2020 0:00,2.3125,2.3599,2.1055,2.1373,8151561.2,18458235.88,60044
3/26/2020 0:00,2.2569,2.3132,2.1884,2.3132,6818801.71,15381812.43,51855
3/25/2020 0:00,2.3109,2.35,2.1804,2.257,11321064.3,25603393.55,80450
3/24/2020 0:00,2.247,2.3709,2.195,2.3104,18400021.32,42125779.99,117439
3/23/2020 0:00,1.9889,2.3,1.9352,2.2468,23688851.36,50113221.86,150383
3/22/2020 0:00,2.2754,2.33,1.9334,1.9898,21634031.69,45651954.72,139879
3/21/2020 0:00,2.2631,2.375,2.105,2.2787,19488573.19,43555963.34,142713
3/20/2020 0:00,2.2409,2.6249,2.0143,2.26,39390658.87,92950604.2,266204
3/19/2020 0:00,1.9497,2.37,1.8841,2.2398,33408982.34,72131641.87,211883
3/18/2020 0:00,1.866,1.9543,1.762,1.9483,22313474.3,41616263.15,152303
3/17/2020 0:00,1.7832,2.069,1.73,1.8641,32839078.68,63607268.71,216429
3/16/2020 0:00,2.0868,2.0898,1.5571,1.7832,47175196.27,83730824.6,282101
3/15/2020 0:00,2.1401,2.4,2.015,2.0884,24056586.5,51979848.94,155416
3/14/2020 0:00,2.4328,2.5141,2.0607,2.1379,21644199.58,49665845.02,164059
3/13/2020 0:00,1.999,2.752,1.36,2.4333,73634341,158669681.8,452861
3/12/2020 0:00,3.817,3.8519,0.0001,1.9931,72676626.17,190728042.1,432243
3/11/2020 0:00,4.0842,4.11,3.5514,3.8169,19593491.56,74775482.54,206382
3/10/2020 0:00,4.1237,4.2119,3.9132,4.0839,18071323.59,73423955.18,183772
3/9/2020 0:00,4.0537,4.369,3.6012,4.1231,29055644.52,117048733.6,234015
3/8/2020 0:00,4.3468,4.4646,3.85,4.0537,18324667.26,76704000.26,159751
3/7/2020 0:00,4.6813,4.6863,4.3143,4.3412,8209506.85,37077348.44,76471
3/6/2020 0:00,4.7144,4.78,4.5429,4.6814,7667605.13,35594630.16,85892
3/5/2020 0:00,4.6388,4.899,4.6239,4.7151,11867449.08,56507767,151802
3/4/2020 0:00,4.5873,4.9762,4.5333,4.6406,18623299.51,88271977.43,200285
3/3/2020 0:00,4.2421,4.68,4.1249,4.5846,17189323,75145836.87,186840
3/2/2020 0:00,3.8622,4.3435,3.8173,4.2423,12656156.05,52493228.92,126321
3/1/2020 0:00,4.06,4.2385,3.7607,3.859,14748523.07,58869388.27,166679
2/29/2020 0:00,4.1614,4.3535,4.0572,4.0579,12512141.06,52784929.73,139262
2/28/2020 0:00,3.9568,4.2395,3.75,4.1609,18277736.2,72869826.76,194537
2/27/2020 0:00,3.5648,4.132,3.4197,3.9579,19252934.55,73709388.67,202340
2/26/2020 0:00,3.4874,3.8587,3.3113,3.5648,22248039.55,79253903.99,203425
2/25/2020 0:00,3.9179,3.96,3.4864,3.4905,12394531.52,45560015.71,132649
2/24/2020 0:00,4.2366,4.2871,3.7916,3.9148,8591286.07,34393400.25,87016
2/23/2020 0:00,4.1006,4.3768,4.0693,4.2365,5652318.24,24032570.08,63222
2/22/2020 0:00,4.2789,4.35,4.0332,4.1066,6716454.02,27976312.65,74109
2/21/2020 0:00,4.2666,4.5127,4.184,4.2778,7730080.2,33610465.14,86900
2/20/2020 0:00,4.384,4.4865,4.0673,4.2644,11478760.65,48988610.96,130166
2/19/2020 0:00,4.5539,4.8355,4.193,4.3873,10109760.48,46417990.67,108921
2/18/2020 0:00,4.3059,4.636,4.1416,4.5523,11931206.57,52870430.99,127067
2/17/2020 0:00,4.4563,4.5522,3.8449,4.3108,19343142.25,80859272.13,203214
2/16/2020 0:00,4.3215,4.8671,4.0384,4.4566,22171359.69,99672983.28,239160
2/15/2020 0:00,4.4262,4.621,4.065,4.3241,15608978.06,68514672.46,163882
2/14/2020 0:00,3.8753,4.487,3.7873,4.426,10369344.95,43468717.18,110173
2/13/2020 0:00,3.993,4.1147,3.7123,3.8765,8232595.29,32416055.4,89477
2/12/2020 0:00,3.9937,4.2,3.8472,3.9953,13673147.31,55003441.65,143053
2/11/2020 0:00,3.3874,3.9964,3.35,3.9931,11780106.07,43237892.69,118440
2/10/2020 0:00,3.4927,3.4972,3.2806,3.3862,6758374.35,22873780.18,72032
2/9/2020 0:00,3.4179,3.4984,3.233,3.4945,6151025.56,20655537.55,60824
2/8/2020 0:00,3.3071,3.4865,3.131,3.4171,10059760.55,33442719.41,104763
2/7/2020 0:00,2.89,3.3682,2.8882,3.3072,14840163.74,47536114.16,156041
2/6/2020 0:00,2.836,2.9436,2.79,2.89,4383200.46,12632075.94,40155
2/5/2020 0:00,2.7397,2.8845,2.7261,2.839,4267689.22,12053160.78,40185
2/4/2020 0:00,2.7713,2.8038,2.6751,2.7395,4494415.89,12270090.09,35573
2/3/2020 0:00,2.8225,2.879,2.7451,2.771,3106758.86,8691569.655,30435
2/2/2020 0:00,2.8372,2.8869,2.7314,2.8267,3442889.59,9768511.052,30994
2/1/2020 0:00,2.8258,2.88,2.7438,2.8378,2737541.77,7681755.744,29612
1/31/2020 0:00,2.912,2.9153,2.7628,2.8259,3910431.21,11114615.65,34346
1/30/2020 0:00,2.7785,2.9482,2.7167,2.9156,5780750.02,16529966.22,57312
1/29/2020 0:00,2.6544,2.8348,2.6316,2.7773,5269667.72,14425009.2,49910
1/28/2020 0:00,2.6051,2.67,2.5868,2.6558,3113588.17,8190994.709,31313
1/27/2020 0:00,2.5764,2.6764,2.5656,2.6055,3426087.65,8983048.131,36052
1/26/2020 0:00,2.4425,2.5764,2.4266,2.5764,1936836.47,4876802.333,20435
1/25/2020 0:00,2.5024,2.51,2.421,2.4468,1881931.46,4631083.629,19847
1/24/2020 0:00,2.4695,2.533,2.3638,2.5024,4161651.97,10232694.79,41244
1/23/2020 0:00,2.6425,2.647,2.4256,2.4698,4806803.21,11989939.3,48286
1/22/2020 0:00,2.6724,2.6978,2.6187,2.6426,1637205.02,4351550.914,19272
1/21/2020 0:00,2.6881,2.744,2.57,2.6716,3244654.09,8677468.398,39797
1/20/2020 0:00,2.6207,2.7443,2.5425,2.688,4142689.53,10966736.42,47116
1/19/2020 0:00,2.7749,2.8475,2.5385,2.6212,6650884.78,17723998.93,65413
1/18/2020 0:00,2.7006,2.7946,2.58,2.7709,4502826.05,12187370.42,57926
1/17/2020 0:00,2.4924,2.86,2.4589,2.7006,12221911.1,32928477.75,118960
1/16/2020 0:00,2.3991,2.51,2.2932,2.4925,4944704.42,11961158.7,36913
1/15/2020 0:00,2.3751,2.5604,2.3332,2.3953,6414464.86,15725822.57,47821
1/14/2020 0:00,2.1904,2.4701,2.1792,2.3751,7062307.44,16495572.99,50544
1/13/2020 0:00,2.2382,2.2382,2.1561,2.1901,1977335.23,4316436.05,15616
1/12/2020 0:00,2.273,2.3212,2.212,2.2383,2502624.23,5654985.971,20502
1/11/2020 0:00,2.2255,2.345,2.218,2.2734,4347105.06,9937638.525,32828
1/10/2020 0:00,2.1867,2.2489,2.1455,2.2257,4235526.03,9348490.029,26861
1/9/2020 0:00,2.1877,2.2344,2.0977,2.1886,5099844.97,11033777.88,29874
1/8/2020 0:00,2.1006,2.3495,2.1006,2.1892,12147661.7,27023850.83,72150
1/7/2020 0:00,1.9373,2.1398,1.8993,2.1033,6873503.39,14001167.44,45381
1/6/2020 0:00,1.7954,1.9386,1.7925,1.9374,3301261.66,6220041.881,19197
1/5/2020 0:00,1.8243,1.8413,1.785,1.7957,1524717.4,2772110.962,9712
1/4/2020 0:00,1.803,1.8446,1.784,1.8242,1241322.81,2252857.637,7721
1/3/2020 0:00,1.7366,1.8292,1.7013,1.804,1789613.99,3187182.29,11588
1/2/2020 0:00,1.8109,1.8164,1.7065,1.7366,1422992.29,2504308.008,9180
1/1/2020 0:00,1.7678,1.8548,1.7606,1.8111,1158748.32,2106254.743,8288
12/31/2019 0:00,1.8215,1.8292,1.754,1.7673,1637649.28,2932500.923,9333
12/30/2019 0:00,1.898,1.898,1.8072,1.8243,1099037.99,2036388.794,6555
12/29/2019 0:00,1.8716,1.92,1.8444,1.8976,1411417.05,2639603.917,8079
12/28/2019 0:00,1.8777,1.8994,1.8555,1.8746,1269364.7,2384012.459,7050
12/27/2019 0:00,1.8538,1.9299,1.8435,1.8751,2417432.93,4554211.729,13900
12/26/2019 0:00,1.7836,1.9604,1.7702,1.8539,2674255.35,4968900.807,15044
12/25/2019 0:00,1.8434,1.8462,1.76,1.7826,1580097.4,2850096.336,8849
12/24/2019 0:00,1.8638,1.8854,1.8154,1.8435,2279849.44,4213545.308,11562
12/23/2019 0:00,1.9167,1.9532,1.846,1.8629,2832932.76,5427329.285,14572
12/22/2019 0:00,1.8563,1.94,1.853,1.9181,2959721.12,5644600.764,13312
12/21/2019 0:00,1.9182,1.9204,1.8544,1.8575,2246207.92,4254205.469,11445
12/20/2019 0:00,1.805,1.9238,1.7849,1.9182,3285479.38,6091824.338,17052
12/19/2019 0:00,1.8703,1.8901,1.749,1.805,5045402.58,9133713.966,23213
12/18/2019 0:00,1.7594,1.8995,1.5996,1.8703,8597518.31,15257212.51,41668
12/17/2019 0:00,1.9705,2.0025,1.7,1.7598,7385844.66,13404189.6,35498
12/16/2019 0:00,2.0722,2.0873,1.967,1.9751,2569583.57,5163335.704,15171
12/15/2019 0:00,1.9947,2.1168,1.9606,2.0708,2576084.24,5298548.407,16580
12/14/2019 0:00,2.0713,2.0933,1.97,1.9946,1752984.19,3558852.033,11719
12/13/2019 0:00,2.1037,2.121,2.0575,2.0709,1963976.04,4103172.486,11418
12/12/2019 0:00,2.1784,2.1951,2.0197,2.1056,4784990.28,10011804.88,24560
12/11/2019 0:00,2.2655,2.3042,2.147,2.1786,4814219.68,10700085.69,25204
12/10/2019 0:00,2.0983,2.2862,2.0611,2.2657,10814539.15,23756741.18,56331
12/9/2019 0:00,2.052,2.0985,2.0151,2.0984,2777749.05,5692654.63,14866
12/8/2019 0:00,2.0402,2.085,2.0012,2.0528,2020725.98,4133361.365,11251
12/7/2019 0:00,2.0918,2.1114,2.0346,2.044,2405401.82,4979102.438,12720
12/6/2019 0:00,2.0059,2.1042,1.9685,2.0943,3859727.3,7884108.645,19452
12/5/2019 0:00,2.0282,2.074,1.9583,2.0068,5364919.99,10777462.95,26649
12/4/2019 0:00,2.1222,2.17,2,2.029,6597003.71,13621672.23,32272
12/3/2019 0:00,2.0913,2.1891,2.058,2.1222,3779139.53,8035197.925,24675
12/2/2019 0:00,2.1634,2.166,2.0524,2.0911,3655978.97,7690564.315,21679
12/1/2019 0:00,2.236,2.2385,2.1274,2.1638,3517483.43,7624553.065,23647
11/30/2019 0:00,2.3403,2.3437,2.1943,2.2373,2921785.1,6609497.052,18720
11/29/2019 0:00,2.2716,2.3763,2.2611,2.3403,4135940.21,9593827.727,24600
11/28/2019 0:00,2.2216,2.3248,2.1711,2.2702,4774519.93,10686163.32,26825
11/27/2019 0:00,2.2437,2.2882,2.1002,2.2242,7877612.52,17482571.17,35057
11/26/2019 0:00,2.2554,2.3578,2.1459,2.2424,7541215.92,16895075.12,35072
11/25/2019 0:00,2.2218,2.3976,2.02,2.2523,8169446.39,18067328.57,40360
11/24/2019 0:00,2.4272,2.4533,2.2,2.2216,4491218.33,10364009.31,29752
11/23/2019 0:00,2.3434,2.4621,2.2604,2.4266,4841617.12,11394019.12,32856
11/22/2019 0:00,2.5456,2.5952,2.1,2.3466,10793729.34,25155731.54,58641
11/21/2019 0:00,2.6983,2.7153,2.471,2.5456,4566589.41,11822351.34,26547
11/20/2019 0:00,2.7279,2.7957,2.63,2.6982,3588766.35,9788974.061,23815
11/19/2019 0:00,2.7886,2.8069,2.58,2.7255,4538639.68,12210133.55,30645
11/18/2019 0:00,2.91,2.961,2.6977,2.7885,3495345.66,9896687.157,26345
11/17/2019 0:00,2.9893,2.9894,2.8644,2.91,1638489.88,4777241.256,16371
11/16/2019 0:00,3.0372,3.0435,2.9115,2.9894,1973143.82,5875410.749,18613
11/15/2019 0:00,3.037,3.07,2.797,3.0389,5650698.64,16687015.25,38836
11/14/2019 0:00,3.0189,3.16,2.9666,3.039,6594266.26,20357505.65,45504
11/13/2019 0:00,2.8177,3.0894,2.7851,3.02,6541016.76,19407023.3,38592
11/12/2019 0:00,2.7438,2.8733,2.7311,2.8152,3219733,9014693.334,22541
11/11/2019 0:00,2.7773,2.7777,2.6655,2.744,2141763.75,5828171.104,16052
11/10/2019 0:00,2.8008,2.837,2.7362,2.777,2619550.08,7305469.525,19449
11/9/2019 0:00,2.7091,2.8497,2.7031,2.8009,4656993.44,12964192.97,33961
11/8/2019 0:00,2.6758,2.7333,2.621,2.71,2932879.67,7872219.383,23387
11/7/2019 0:00,2.7446,2.7549,2.6022,2.6757,3498869.77,9378925.727,22454
11/6/2019 0:00,2.6743,2.82,2.6479,2.7448,3174248.63,8633537.382,23369
11/5/2019 0:00,2.6746,2.6947,2.6322,2.6746,1985221.73,5293153.907,14031
11/4/2019 0:00,2.6594,2.73,2.6267,2.6746,2315985.74,6212035.896,16273
11/3/2019 0:00,2.7015,2.7104,2.6202,2.6605,1676754.85,4469114.694,11434
11/2/2019 0:00,2.7092,2.7399,2.6828,2.6973,1945703.47,5268003.219,12497
11/1/2019 0:00,2.7233,2.7952,2.6428,2.7091,3786813.42,10249112.16,23310
10/31/2019 0:00,2.6044,2.7573,2.5365,2.7219,4136829.05,10990946.47,26574
10/30/2019 0:00,2.661,2.6768,2.5107,2.6093,3975481.96,10291062.33,25034
10/29/2019 0:00,2.6601,2.769,2.6321,2.662,3559236.65,9594968.284,23066
10/28/2019 0:00,2.6707,2.8859,2.66,2.6611,7839146.77,21718242.28,46631
10/27/2019 0:00,2.7323,2.762,2.6511,2.6646,5974202.16,16107491.7,37703
10/26/2019 0:00,2.8374,2.9977,2.664,2.7348,13344088.09,37577155.69,71109
10/25/2019 0:00,2.7201,3.0063,2.6165,2.8374,14004511.97,39183456.52,69140
10/24/2019 0:00,2.6071,2.7748,2.602,2.72,9751557.57,26208747.16,55785
10/23/2019 0:00,2.6073,2.684,2.3717,2.6055,14101549.77,35925377.4,69350
10/22/2019 0:00,2.6216,2.8178,2.5619,2.6074,11209530.78,30378844.91,57438
10/21/2019 0:00,2.4443,2.69,2.4347,2.6223,11337672.86,29229981.87,52727
10/20/2019 0:00,2.3513,2.451,2.278,2.4444,4491335.27,10590364.06,22436
10/19/2019 0:00,2.3521,2.391,2.2914,2.3521,4513732.32,10576298.59,19706
10/18/2019 0:00,2.419,2.4999,2.3164,2.3546,7264838.28,17402268.01,34363
10/17/2019 0:00,2.3736,2.49,2.274,2.4124,10565628.71,25329634.63,44977
10/16/2019 0:00,2.3949,2.4143,2.182,2.3717,11864805.05,27206709.27,51766
10/15/2019 0:00,2.5315,2.597,2.332,2.3974,6236112.72,15365785.9,31702
10/14/2019 0:00,2.485,2.6741,2.4527,2.5324,5833573.38,14946710.65,29915
10/13/2019 0:00,2.5975,2.6443,2.4351,2.486,5534063.18,14028108.11,27207
10/12/2019 0:00,2.7443,2.7572,2.5519,2.5975,6182391.51,16335299.93,34477
10/11/2019 0:00,2.6293,2.7936,2.5619,2.7481,11417701.51,30788011.39,60458
10/10/2019 0:00,2.7977,2.8058,2.465,2.6279,15341951.1,40234731.7,78819
10/9/2019 0:00,2.577,2.95,2.501,2.8011,21792384.08,59920511.49,113313
10/8/2019 0:00,2.3963,2.65,2.268,2.5765,16096459.09,39941066.73,80741
10/7/2019 0:00,2.1669,2.4899,2.0971,2.3963,12795782.67,29801791.52,62512
10/6/2019 0:00,1.9624,2.2659,1.9531,2.1669,9778198.66,20769400.46,47092
10/5/2019 0:00,1.9663,1.9775,1.9113,1.9624,2233660.2,4352706.761,12252
10/4/2019 0:00,1.9443,1.9949,1.888,1.9663,3422137.61,6616268.436,17892
10/3/2019 0:00,2.0134,2.0338,1.88,1.9442,7013380.23,13738006.1,32086
10/2/2019 0:00,1.8285,2.0233,1.8121,2.011,5790547.34,11112247.03,29219
10/1/2019 0:00,1.7677,1.882,1.7522,1.8286,4084117.04,7423999.323,23205
9/30/2019 0:00,1.7004,1.769,1.6404,1.7677,3573550.83,6091950.815,17595
9/29/2019 0:00,1.6748,1.7492,1.6441,1.7002,3307432.07,5630013.418,18956
9/28/2019 0:00,1.6593,1.7017,1.6284,1.6742,2378769.19,3966341.325,12491
9/27/2019 0:00,1.6512,1.6786,1.5573,1.659,4337039.06,6997435.263,20123
9/26/2019 0:00,1.7476,1.7584,1.5276,1.6512,6950205.76,11469705.44,35628
9/25/2019 0:00,1.7135,1.9286,1.6249,1.7443,8910418.88,15541919.88,47780
9/24/2019 0:00,1.8034,2.0657,1.4612,1.716,16495451.14,30520015.62,77463
9/23/2019 0:00,1.8149,1.88,1.7799,1.8048,2670201.16,4898382.212,17268
9/22/2019 0:00,1.8848,1.8868,1.7711,1.8157,2311848.65,4207056.964,13996
9/21/2019 0:00,1.8215,1.8888,1.7881,1.8855,2773787.16,5105903.212,16606
9/20/2019 0:00,1.8743,1.8772,1.751,1.8245,3503491.24,6350663.861,19417
9/19/2019 0:00,1.7994,1.9075,1.7079,1.8744,8590087.52,15710104.15,51360
9/18/2019 0:00,1.624,1.8462,1.624,1.801,8269809.73,14349788.11,37964
9/17/2019 0:00,1.5806,1.6765,1.5532,1.624,5393985.89,8714835.386,21318
9/16/2019 0:00,1.611,1.6355,1.545,1.5806,3549602.58,5624544.163,13797
9/15/2019 0:00,1.5634,1.6458,1.56,1.6104,4049102.77,6482781.439,15329
9/14/2019 0:00,1.5761,1.6375,1.5239,1.5634,5719166.79,9072573.988,22397
9/13/2019 0:00,1.7073,1.7099,1.51,1.5759,6639098.35,10598044.8,28807
9/12/2019 0:00,1.7301,1.7458,1.6918,1.7073,2229068.92,3823973.622,9598
9/11/2019 0:00,1.7988,1.8258,1.7136,1.7301,2229727.06,3918515.822,11755
9/10/2019 0:00,1.7883,1.8326,1.773,1.7998,2713368.74,4891387.976,11896
9/9/2019 0:00,1.829,1.8731,1.761,1.7872,3483191.16,6323682.303,16969
9/8/2019 0:00,1.7672,1.9054,1.761,1.8275,3504716.5,6430515.623,17352
9/7/2019 0:00,1.7222,1.806,1.7085,1.7672,2404181.98,4219207.724,11440
9/6/2019 0:00,1.7919,1.86,1.6767,1.7226,3184048.39,5630495.567,15071
9/5/2019 0:00,1.7793,1.8624,1.768,1.7921,2744215.93,4979721.84,15051
9/4/2019 0:00,1.8486,1.87,1.7167,1.7784,3579394.12,6383418.411,18905
9/3/2019 0:00,1.8307,1.9424,1.8147,1.849,3208754.39,5997210.328,18617
9/2/2019 0:00,1.7696,1.89,1.7272,1.8287,3044387.69,5527140.174,16202
9/1/2019 0:00,1.7788,1.8,1.717,1.7686,1332701.68,2343808.994,8320
8/31/2019 0:00,1.7958,1.8535,1.74,1.7791,1831969.16,3279132.271,11731
8/30/2019 0:00,1.7763,1.8913,1.7365,1.796,2660522.1,4851727.819,16311
8/29/2019 0:00,1.8956,1.8956,1.7253,1.7744,4211077.18,7603993.456,21640
8/28/2019 0:00,2.1098,2.1134,1.875,1.8957,3217225.93,6406247.929,20709
8/27/2019 0:00,2.0737,2.1788,2.005,2.1128,3009068.12,6305881.123,20777
8/26/2019 0:00,2.0783,2.1546,2.045,2.0739,2291314.91,4803942.752,15387
8/25/2019 0:00,2.1704,2.1804,2.0255,2.078,2772672.99,5849427.107,17646
8/24/2019 0:00,2.234,2.2545,2.1537,2.1681,1634146.8,3584393.344,12880
8/23/2019 0:00,2.2231,2.295,2.1723,2.2333,4173130.85,9343956.836,26802
8/22/2019 0:00,2.2058,2.2896,2.135,2.2227,2981137.74,6619741.313,20005
8/21/2019 0:00,2.3622,2.371,2.15,2.2054,4952696.55,11108904.24,27515
8/20/2019 0:00,2.4943,2.5401,2.3354,2.3624,3477390.83,8399786.436,19755
8/19/2019 0:00,2.5055,2.6,2.4508,2.4958,4288720.33,10873902.29,23900
8/18/2019 0:00,2.405,2.5657,2.3729,2.5051,3610567.41,8910268.691,22491
8/17/2019 0:00,2.3046,2.419,2.282,2.4036,2035414.39,4797115.852,14017
8/16/2019 0:00,2.4225,2.459,2.227,2.3,3572488.27,8303548.667,22280
8/15/2019 0:00,2.284,2.4506,2.2565,2.4232,2808342.69,6614943.187,16508
8/14/2019 0:00,2.419,2.6031,2.163,2.2842,6940625.71,16780308.02,42688
8/13/2019 0:00,2.3868,2.4679,2.306,2.4229,3152764.71,7512364.832,26794
8/12/2019 0:00,2.4165,2.479,2.335,2.39,2574671.09,6197771.773,37821
8/11/2019 0:00,2.3336,2.49,2.2901,2.415,3709082.7,8883566.759,23950
8/10/2019 0:00,2.169,2.4091,2.1306,2.3336,5262480.44,12116492.76,33194
8/9/2019 0:00,2.2784,2.2919,2.151,2.1669,2368990.8,5269591.704,14805
8/8/2019 0:00,2.3883,2.3998,2.2713,2.2755,2864214,6668165.724,18648
8/7/2019 0:00,2.4822,2.5,2.3502,2.3826,3394545.7,8209664.153,23156
8/6/2019 0:00,2.4599,2.5181,2.31,2.4785,6060839.71,14681993.07,36003
8/5/2019 0:00,2.5097,2.6495,2.4562,2.4562,5401188.63,13740374.44,34002
8/4/2019 0:00,2.4186,2.6044,2.3811,2.5099,6257643.44,15627140.86,42790
8/3/2019 0:00,2.4269,2.7342,2.3569,2.4211,11329664.01,29150936.83,67463
8/2/2019 0:00,2.1612,2.49,2.1275,2.4271,6325797.01,14643305.51,34657
8/1/2019 0:00,2.2169,2.231,2.1054,2.161,2890541.35,6235734.284,17489
7/31/2019 0:00,2.0672,2.25,2.0589,2.2102,4592022.53,9994586.203,27588
7/30/2019 0:00,2.125,2.1854,1.9694,2.0682,4818376.29,10003715.58,29343
7/29/2019 0:00,2.2178,2.2482,2.11,2.1251,2228158.07,4832736.868,15361
7/28/2019 0:00,2.2372,2.2733,2.1,2.2156,1921301.06,4241100.632,13005
7/27/2019 0:00,2.3954,2.46,2.1525,2.2453,4296972.72,9987221.299,25633
7/26/2019 0:00,2.3615,2.43,2.3201,2.3989,1979267.83,4706305.416,14829
7/25/2019 0:00,2.3971,2.5149,2.3595,2.3615,4029732.82,9872407.064,26227
7/24/2019 0:00,2.3559,2.5131,2.27,2.3999,5323022.48,12721415.8,36533
7/23/2019 0:00,2.4073,2.52,2.2489,2.3535,5670564,13435602.95,36656
7/22/2019 0:00,2.5319,2.5857,2.3732,2.4078,3419071.85,8435367.335,24351
7/21/2019 0:00,2.6369,2.665,2.46,2.5319,3349432.24,8531199.091,24791
7/20/2019 0:00,2.602,2.7314,2.5751,2.637,4607848.26,12233251.54,32818
7/19/2019 0:00,2.67,2.749,2.491,2.6046,5548232.12,14390758.32,37423
7/18/2019 0:00,2.3951,2.8094,2.3542,2.67,13388877.99,34942865.13,80822
7/17/2019 0:00,2.1947,2.6,2.0531,2.398,13229065.69,30902383.51,73776
7/16/2019 0:00,2.6911,2.7749,2.1521,2.1948,8049014.93,19732975.21,52392
7/15/2019 0:00,2.7792,2.8498,2.5801,2.6913,7328956.43,19979889.88,47037
7/14/2019 0:00,3.1689,3.2413,2.7611,2.7856,8270840.72,24656046.2,55500
7/13/2019 0:00,3.166,3.2953,3.04,3.1652,9069996.44,28825984.75,65182
7/12/2019 0:00,2.787,3.3282,2.6,3.166,11732670.96,35188291.87,78572
7/11/2019 0:00,3.1166,3.1555,2.71,2.7853,7302194.48,21295316.69,52546
7/10/2019 0:00,3.067,3.2568,2.8578,3.1166,9566090.98,29441146.12,73143
7/9/2019 0:00,3.3334,3.3741,2.9401,3.067,9165611.15,28835425.25,67093
7/8/2019 0:00,3.275,3.5731,3.25,3.3362,5283821.17,17859623.59,45082
7/7/2019 0:00,3.465,3.5038,3.25,3.275,5553670.72,18694593.88,46263
7/6/2019 0:00,3.64,3.6611,3.4384,3.4603,4979198.01,17632773.83,44022
7/5/2019 0:00,3.4555,3.75,3.441,3.64,10535825.86,37923583.67,88803
7/4/2019 0:00,3.4854,3.61,3.204,3.453,9880436.75,33808432.7,82943
7/3/2019 0:00,3.7441,3.8857,3.4769,3.49,11110619.17,40919314.47,87597
7/2/2019 0:00,3.6476,3.9914,3.201,3.7453,26694285.35,97140287.17,186154
7/1/2019 0:00,3.3885,3.862,2.9266,3.6369,25318756.74,85715319.94,164015
6/30/2019 0:00,3.7051,4.22,3.23,3.3885,25198062.62,97131943.38,189555
6/29/2019 0:00,3.0391,4.5826,2.9499,3.7125,55522584.24,212325728.1,339919
6/28/2019 0:00,2.2912,3.0981,2.215,3.0392,16193947.24,43075487.92,100570
6/27/2019 0:00,2.2821,2.555,2.1123,2.2879,14032427.25,32964955.57,91668
6/26/2019 0:00,2.1931,2.5,2.0231,2.28,16314862.03,36133293.91,97300
6/25/2019 0:00,1.8689,2.4273,1.8613,2.1928,22004618.38,47774694.54,112726
6/24/2019 0:00,1.8169,1.8884,1.79,1.8689,2384487.82,4400730.712,19196
6/23/2019 0:00,1.8429,1.91,1.7702,1.8169,4603366.09,8435896.351,31706
6/22/2019 0:00,1.6895,1.947,1.6827,1.8428,8447723.54,15223949.29,46598
6/21/2019 0:00,1.7671,1.79,1.61,1.6883,6940438.91,11648112.15,31270
6/20/2019 0:00,1.8352,1.8865,1.6859,1.7656,5377028,9540141.377,25242
6/19/2019 0:00,1.8158,1.9016,1.7869,1.8353,4857793.43,8954934.22,20943
6/18/2019 0:00,1.9615,2.0185,1.76,1.8194,13903673.74,25883624.64,49717
6/17/2019 0:00,1.6651,2.0776,1.6525,1.9631,17066477.53,32443361.46,66077
6/16/2019 0:00,1.718,1.7924,1.6,1.6621,8287172.15,14008833.98,36546
6/15/2019 0:00,1.6364,1.8065,1.6022,1.7179,10734639.21,18448605.67,42524
6/14/2019 0:00,1.868,1.8936,1.49,1.6395,33219623.47,54554409.95,115068
6/13/2019 0:00,1.1448,1.97,1.1126,1.868,34048038.46,58331496.99,121167
6/12/2019 0:00,1.1241,1.1643,1.0875,1.1448,2552375.74,2871799.938,10688
6/11/2019 0:00,1.2043,1.207,1.0876,1.1243,3072196.39,3513179.688,12406
6/10/2019 0:00,1.0595,1.2104,1.0301,1.206,3560999.95,4027582.256,13271
6/9/2019 0:00,1.1376,1.1486,1.0085,1.0595,3544981.93,3806409.601,13128
6/8/2019 0:00,1.1747,1.1991,1.1165,1.1326,2537076.42,2927714.643,11125
6/7/2019 0:00,1.1099,1.2589,1.071,1.1753,6340116.8,7478286.807,24865
6/6/2019 0:00,1.0959,1.27,1.0556,1.1098,11128235.33,12735058.34,39493
6/5/2019 0:00,0.885,1.0991,0.8838,1.096,10134603.36,10260184.73,34337
6/4/2019 0:00,0.8985,0.9299,0.8368,0.885,4577420.9,4017639.798,16372
6/3/2019 0:00,1.0155,1.02,0.8853,0.9,3308495.33,3184563.205,13255
6/2/2019 0:00,0.9536,1.0554,0.9323,1.0155,3449110.82,3434246.098,13542
6/1/2019 0:00,1.0236,1.0598,0.9511,0.956,3797903.78,3799790.573,13119
5/31/2019 0:00,1.0018,1.0444,0.933,1.0189,7748553.79,7626141.24,21930
5/30/2019 0:00,1.1722,1.2257,0.9009,1.0023,10326672.93,11158245.53,43021
5/29/2019 0:00,1.2787,1.2844,1.1426,1.1725,4654393.37,5580540.158,20598
5/28/2019 0:00,1.2173,1.35,1.1441,1.2788,5580233.08,6953474.359,26790
5/27/2019 0:00,1.0802,1.275,1.0802,1.2119,7339191.28,8694289.418,31838
5/26/2019 0:00,1.113,1.1824,1.034,1.0828,4854605.26,5317940.972,19207
5/25/2019 0:00,1.3314,1.3376,1.0961,1.113,6245467.5,7275849.638,23014
5/24/2019 0:00,1.3393,1.4347,1.2216,1.3314,5097940.05,6795296.791,23885
5/23/2019 0:00,1.2205,1.3655,1.1418,1.3392,6874618.39,8592874.224,27453
5/22/2019 0:00,1.1855,1.474,1.1301,1.2205,14821357.09,19619790.33,53298
5/21/2019 0:00,1.1146,1.25,1.06,1.1798,5046994.2,5745623.488,21707
5/20/2019 0:00,0.9927,1.143,0.946,1.117,2936467.3,2982285.876,14240
5/19/2019 0:00,0.936,1.05,0.9279,0.9934,4785605.62,4702849.495,21076
5/18/2019 0:00,0.895,0.9592,0.8457,0.9359,2389369.04,2179041.174,10994
5/17/2019 0:00,0.9264,0.9869,0.81,0.8911,5725645.69,5097003.16,21757
5/16/2019 0:00,0.8427,0.9389,0.7551,0.928,4555532.19,3883945.234,17837
5/15/2019 0:00,0.8251,0.889,0.7772,0.8427,3798325.64,3148626.362,12549
5/14/2019 0:00,0.6474,0.9565,0.6332,0.828,7911014.07,6371210.432,27495
5/13/2019 0:00,0.6607,0.6872,0.6336,0.6474,1281864.7,853179.4287,5907
5/12/2019 0:00,0.679,0.6999,0.6285,0.6586,1760800.08,1165285.922,6345
5/11/2019 0:00,0.6731,0.7484,0.6517,0.6752,3014329.89,2076341.526,9763
5/10/2019 0:00,0.6402,0.7233,0.6374,0.6703,2987660.69,2051444.512,9173
5/9/2019 0:00,0.594,0.704,0.5873,0.6403,3548028.13,2284998.871,10948
5/8/2019 0:00,0.5433,0.6157,0.5212,0.594,1255624.91,730122.0284,4797
5/7/2019 0:00,0.5798,0.6186,0.5409,0.5435,2267674.3,1314846.891,8074
5/6/2019 0:00,0.5058,0.5882,0.4901,0.5745,1593771.02,868680.9896,6084
5/5/2019 0:00,0.4964,0.5238,0.4902,0.5058,641774.32,328895.3884,2643
5/4/2019 0:00,0.5118,0.5151,0.4783,0.4964,640984.06,318811.5078,2937
5/3/2019 0:00,0.4643,0.5223,0.4607,0.511,1017233.78,502255.6762,3891
5/2/2019 0:00,0.4745,0.4757,0.46,0.463,228270.4,106411.4994,1046
5/1/2019 0:00,0.475,0.4876,0.4638,0.473,397476.93,188524.0954,1620
4/30/2019 0:00,0.4334,0.4771,0.432,0.4727,610148.8,281321.217,2136
4/29/2019 0:00,0.451,0.4546,0.424,0.4338,394944.33,173429.7316,1297
4/28/2019 0:00,0.4448,0.46,0.4403,0.451,429353.92,194108.9041,1406
4/27/2019 0:00,0.4437,0.4698,0.4357,0.443,330467.67,149494.5922,1304
4/26/2019 0:00,0.4499,0.4699,0.4264,0.4416,881943.93,389402.9987,2196
4/25/2019 0:00,0.4745,0.4997,0.435,0.4503,1289948.57,607159.8864,4065
4/24/2019 0:00,0.4756,0.48,0.44,0.475,1341167.65,614034.7083,3604
4/23/2019 0:00,0.492,0.504,0.4756,0.4756,798688.99,391603.5268,2754
4/22/2019 0:00,0.4963,0.517,0.4837,0.4957,669329.7,335305.5518,3191
4/21/2019 0:00,0.5117,0.5139,0.4752,0.4963,755636.95,371111.5317,2922
4/20/2019 0:00,0.5105,0.5287,0.505,0.5118,547954.68,281962.9739,2102
4/19/2019 0:00,0.5187,0.539,0.5083,0.5095,857084.8,447910.4306,3348
4/18/2019 0:00,0.4992,0.5226,0.4974,0.5193,747995.99,382966.9824,2883
4/17/2019 0:00,0.4998,0.5046,0.488,0.4998,625939.62,310958.4507,2118
4/16/2019 0:00,0.4884,0.5176,0.4883,0.4985,752244.29,377882.3837,2558
4/15/2019 0:00,0.5259,0.5268,0.48,0.4883,1617780.69,812827.2622,4779
4/14/2019 0:00,0.5366,0.5449,0.5073,0.5225,825009.09,431556.8168,2850
4/13/2019 0:00,0.4932,0.5399,0.4913,0.5358,984745.93,514382.6096,3773
4/12/2019 0:00,0.4821,0.5134,0.4531,0.492,1247794.83,609014.2762,4165
4/11/2019 0:00,0.5198,0.521,0.453,0.4821,1891750.27,920572.9452,5378
4/10/2019 0:00,0.53,0.5452,0.51,0.5197,1259717.42,662636.0777,3910
4/9/2019 0:00,0.5617,0.5637,0.517,0.53,1284451.25,682600.6916,4648
4/8/2019 0:00,0.5776,0.5912,0.537,0.5634,1559203.75,875383.3089,6674
4/7/2019 0:00,0.5677,0.5918,0.5655,0.5773,956649.36,552493.4347,3810
4/6/2019 0:00,0.5735,0.59,0.5557,0.5691,1176149.98,672544.532,5323
4/5/2019 0:00,0.5409,0.5799,0.539,0.5729,1039348.68,579093.3648,3943
4/4/2019 0:00,0.5588,0.5839,0.5195,0.5396,2088035.72,1155026.496,6468
4/3/2019 0:00,0.5811,0.6073,0.517,0.562,4435492.21,2584274.573,11371
4/2/2019 0:00,0.5533,0.6,0.5326,0.5811,4081948.84,2328532.774,11776
4/1/2019 0:00,0.5084,0.563,0.5007,0.554,2288623.96,1226137.819,7662
3/31/2019 0:00,0.4938,0.541,0.4868,0.5084,2047013.33,1057434.916,8464
3/30/2019 0:00,0.5008,0.5034,0.4858,0.494,675007.13,332877.1492,3263
3/29/2019 0:00,0.4984,0.5042,0.4887,0.5008,877803.92,434977.1225,4435
3/28/2019 0:00,0.4967,0.5196,0.4846,0.4992,1443876.83,719069.6434,5262
3/27/2019 0:00,0.4603,0.4997,0.4556,0.4946,1352736.34,651471.1433,4623
3/26/2019 0:00,0.4729,0.485,0.448,0.4605,1129722.2,526180.1435,3488
3/25/2019 0:00,0.4539,0.4949,0.441,0.4734,2441517.99,1142857.563,6807
3/24/2019 0:00,0.4606,0.4621,0.4485,0.4531,634173.75,287618.8955,1878
3/23/2019 0:00,0.4627,0.4644,0.4545,0.4608,406749.66,186648.7141,1452
3/22/2019 0:00,0.4551,0.4655,0.447,0.4646,863577.33,392384.9164,2313
3/21/2019 0:00,0.4818,0.4842,0.4342,0.4548,1043991.8,484257.1134,3146
3/20/2019 0:00,0.4796,0.4899,0.4737,0.4807,696146.28,335078.5495,2431
3/19/2019 0:00,0.476,0.48,0.4648,0.477,530734.59,250536.1022,2023
3/18/2019 0:00,0.4789,0.4833,0.467,0.4757,891826.09,422057.3388,2812
3/17/2019 0:00,0.4805,0.4887,0.4702,0.4785,1352126.73,645227.3942,5293
3/16/2019 0:00,0.4866,0.496,0.4681,0.4819,1768514.51,850597.4758,6478
3/15/2019 0:00,0.4858,0.496,0.4831,0.4858,577893.06,281897.9164,2521
3/14/2019 0:00,0.4814,0.4994,0.4722,0.4871,1720792.4,835254.8636,6103
3/13/2019 0:00,0.4872,0.488,0.4671,0.4805,1263356.68,602730.1774,4399
3/12/2019 0:00,0.4641,0.5079,0.4503,0.4876,2105182.67,1016416.429,5965
3/11/2019 0:00,0.4982,0.5181,0.4382,0.4629,2633054.21,1262800.852,7157
3/10/2019 0:00,0.4742,0.546,0.4681,0.4981,2887991.86,1456511.396,10121
3/9/2019 0:00,0.4611,0.4824,0.4524,0.4746,1381686.43,643096.0028,4288
3/8/2019 0:00,0.4521,0.5107,0.4519,0.4611,3248280.83,1570069.712,9622
3/7/2019 0:00,0.4296,0.4766,0.4256,0.4521,1498764.03,677393.5431,4029
3/6/2019 0:00,0.4291,0.4385,0.4186,0.4296,716328.15,305884.8094,2057
3/5/2019 0:00,0.4029,0.4343,0.4023,0.4291,1686179.9,703630.8977,4232
3/4/2019 0:00,0.4203,0.4255,0.3929,0.4036,946382.19,387502.9483,2834
3/3/2019 0:00,0.4232,0.4292,0.4177,0.4205,225429.95,95660.21647,911
3/2/2019 0:00,0.4286,0.4372,0.4173,0.4221,331570,140599.974,1133
3/1/2019 0:00,0.4236,0.4386,0.4203,0.4285,560690.81,239706.0481,1648
2/28/2019 0:00,0.4274,0.45,0.4166,0.4244,1059968.13,455311.56,2857
2/27/2019 0:00,0.4335,0.4412,0.4145,0.4274,854212.45,365787.4184,2137
2/26/2019 0:00,0.4722,0.474,0.43,0.4341,1775526.67,796546.5868,4223
2/25/2019 0:00,0.4047,0.4749,0.4007,0.4723,1785356.21,783690.7505,4943
2/24/2019 0:00,0.4592,0.4644,0.3975,0.405,2154193.25,917345.2756,4851
2/23/2019 0:00,0.448,0.464,0.4437,0.4585,925529.64,419693.7273,2632
2/22/2019 0:00,0.4438,0.465,0.44,0.4479,700523.77,313850.8636,2334
2/21/2019 0:00,0.4617,0.475,0.438,0.4438,1443214.98,655875.7907,4183
2/20/2019 0:00,0.4548,0.4748,0.4432,0.4618,1358786.28,625130.767,3853
2/19/2019 0:00,0.471,0.4789,0.452,0.4598,1548002.44,724054.883,4036
2/18/2019 0:00,0.4615,0.4823,0.4534,0.471,1430254.78,671573.6586,4250
2/17/2019 0:00,0.4386,0.4797,0.4317,0.4604,1616509.72,740396.471,4667
2/16/2019 0:00,0.4366,0.4464,0.4251,0.4398,465491.58,203941.2721,1988
2/15/2019 0:00,0.4235,0.45,0.4222,0.4342,612251.8,264659.8495,2328
2/14/2019 0:00,0.4422,0.4442,0.4203,0.4259,942053.44,407685.9414,3034
2/13/2019 0:00,0.4277,0.4454,0.4183,0.4411,935377.38,400576.9909,2886
2/12/2019 0:00,0.4277,0.4374,0.4176,0.4277,941303.58,400668.7604,2718
2/11/2019 0:00,0.4495,0.4515,0.42,0.4289,1580197.39,685555.8726,4364
2/10/2019 0:00,0.4648,0.48,0.4325,0.4499,2000850.55,913391.6196,5046
2/9/2019 0:00,0.4371,0.4844,0.431,0.4612,1384815.95,637171.0454,4320
2/8/2019 0:00,0.4021,0.45,0.3985,0.4383,2015969.58,859693.2986,5194
2/7/2019 0:00,0.4,0.4065,0.3913,0.4021,498842.36,199193.7825,1770
2/6/2019 0:00,0.4224,0.4236,0.3915,0.4,1368546.21,552819.6212,3815
2/5/2019 0:00,0.3926,0.4327,0.3902,0.4224,1299107.03,532341.1039,3411
2/4/2019 0:00,0.3959,0.4125,0.3867,0.3943,1449384.96,579009.5831,2746
2/3/2019 0:00,0.417,0.417,0.386,0.3963,1065170.56,424303.9717,2400
2/2/2019 0:00,0.4163,0.433,0.3985,0.4136,821033.48,340840.3312,2351
2/1/2019 0:00,0.385,0.43,0.38,0.4147,1899232.56,768342.4673,3972
1/31/2019 0:00,0.425,0.441,0.3811,0.3832,2029033.61,826552.0302,4899
1/30/2019 0:00,0.4505,0.4514,0.413,0.4249,2092369.59,897815.1269,5128
1/29/2019 0:00,0.4104,0.4638,0.4061,0.4505,5190825.37,2252399.736,10723
1/28/2019 0:00,0.431,0.4313,0.3504,0.4116,4006211.85,1540777.019,7036
1/27/2019 0:00,0.4661,0.4666,0.4229,0.4303,2278919.65,1004304.902,4757
1/26/2019 0:00,0.4736,0.4884,0.4624,0.4661,865653.89,410185.8216,2529
1/25/2019 0:00,0.5031,0.5157,0.4712,0.4739,1112869.08,544844.8441,3319
1/24/2019 0:00,0.5046,0.5065,0.4518,0.5017,1529219.53,745639.1277,3970
1/23/2019 0:00,0.5342,0.5475,0.4901,0.5046,1827069.39,940352.2978,4592
1/22/2019 0:00,0.496,0.5656,0.4956,0.5344,1784953.5,955513.881,4972
1/21/2019 0:00,0.4839,0.5198,0.465,0.4972,897787.84,446086.7876,3020
1/20/2019 0:00,0.4803,0.492,0.459,0.4834,677499.56,323333.5538,2098
1/19/2019 0:00,0.4908,0.5,0.4673,0.4831,735443.2,354090.041,4482
1/18/2019 0:00,0.4762,0.5112,0.4601,0.4894,984417.59,474999.2862,5662
1/17/2019 0:00,0.4895,0.4953,0.4639,0.4756,1411725.35,673447.2086,3987
1/16/2019 0:00,0.5355,0.5355,0.4668,0.4895,1343660.31,665013.6444,3492
